Name, SRF, LOCA, ROC, RFA
"Sandlewood Townhomes (TEST)","2006-06-15","1990-01-01","1990-01-01","11,000"
"Commerce Bank - Manheim Pike","2005-12-06","1990-01-01","1990-01-01",
"Penn Cinema","2005-07-13","2005-07-27","2005-08-29","7520"
"Arbors at Spring Valley","2005-05-06","2005-05-06","2006-02-02","3500.00"
"Kissinger Subdivision","2006-05-01","2006-05-22","2006-05-08","200"
"Carrington Subdivision","2005-11-17","2005-11-20","2006-01-17","1100.00"
"Diller Tract","2005-12-22","2006-01-09","2006-05-08","1200.00"
"Worthington (Rockview) Subdivision - Residential","2006-04-25","2006-08-11","2006-08-28","26100.00"
"Chatsworth","2006-04-19","2006-05-09","2007-02-26","3800.00"
"Stone Mill Estates (Bridle Estates)","2005-04-04","2005-04-29","2006-03-31","4800"
"Manor Oaks Lot 146","2006-02-15","2006-02-24","2008-05-22","3000"
"Eagles View 1B","1990-01-01","1990-01-01","1990-01-01",
"Wetherburn Commons","2002-12-04","2004-07-09","1990-01-01",
"Southern Village Phase 1","2002-05-20","2002-05-20","1990-01-01",
"SIM Properites","2006-01-12","1990-01-01","2006-02-17","99.96"
"Winchelsea (Hynicka Tract)","2006-04-19","2006-05-12","2007-02-26","2900.00"
"Al Hamiltion Family LP 2","2006-03-27","2006-04-04","2006-10-09","100"
"Timson Place","2005-06-30","2005-07-07","2007-03-01","5300.00"
"D.A.D. Enterprises, Inc.","2004-01-28","2004-01-28","1990-01-01",
"Abel Drive Lot 8   (3912)","2006-03-23","2006-04-05","2006-06-16","3049.20"
"Brethren Villiage- Village Garden Apartments II","2004-08-25","2004-08-31","2005-10-05","9600"
"Fruitville Business Park Subdivision","2006-05-17","2006-05-23","2006-05-31","672"
"Parkfield - Phase 1","2001-04-30","2003-04-28","1990-01-01",
"Mews at Homestead","1990-01-01","1990-01-01","1990-01-01",
"Village Grande @ Millers Run","1990-01-01","1990-01-01","2006-04-24","11000.00"
"Brighton Commercial","1990-01-01","1990-01-01","1990-01-01",
"Penns Crossing","2004-03-04","2004-03-23","1990-01-01",
"Farm on Quarry Road","2004-08-31","2004-09-07","1990-01-01",
"Chaddsford Estates","1990-01-01","1990-01-01","1990-01-01",
"Millstone Village (Hershey Mill East)","2004-06-24","2004-07-01","2006-04-28","5200.00"
"Manor Heights","2004-12-05","2004-12-16","1990-01-01",
"Landis Estates","2004-08-13","2004-09-07","1990-01-01",
"Porter Tract (Meadow Run)","2002-12-04","2002-12-09","1990-01-01",
"Windemere Place","1990-01-01","1990-01-01","1990-01-01",
"Woods Edge","1990-01-01","1990-01-01","1990-01-01",
"Twin Oaks Hollow","2004-04-01","2003-07-23","1990-01-01",
"Windsor Court","1990-01-01","1990-01-01","1990-01-01",
"Sunset Ridge 1","1990-01-01","1990-01-01","2006-04-24","1100.00"
"Rosewood",NULL,NULL,NULL,
"Manor Oaks Remaining Lands Section 3","2005-05-06","2006-05-27","1990-01-01",
"Westwood Green","1990-01-01","2003-10-01","1990-01-01",
"Union Nation Bank- Gold Cafe","1990-01-01","1990-01-01","1990-01-01",
"DH Funk Lot 1","1990-01-01","1990-01-01","1990-01-01",
"Woods Edge Villas at Sutherland","1990-01-01","1990-01-01","1990-01-01",
"Rental Service Corporation","2005-04-06","2005-06-07","2005-11-07",
"Brethren Village-Fieldcrest Cottages Phase III","2006-02-14","2006-02-24","2006-03-20","5400"
"Stonemill Estates","2005-02-18","1990-01-01","2006-05-01","32,000"
"Eastland Land Development Subdivision","2005-04-21","2005-05-27","2006-05-22","700"
"Del Boca Vista","2006-05-24","1990-01-01","1990-01-01",
"Manor Blvd. Subdivision","2004-11-24","2004-11-29","2006-04-21","1000"
"Knight, Bernice","2005-07-12","2005-07-26","1990-01-01",
"Penn Manor Comet Field","2004-01-23","2004-02-25","1990-01-01",
"Noll Drive Associates","2005-09-21","2005-09-21","1990-01-01",
"Bantam Lane","2006-03-14","1990-01-01","2006-03-14","600"
"Kline&#039s Services, Inc. - Residual Bldg.","2006-05-30","2006-07-25","1990-01-01",
"Page, Dave & Cindy","2006-05-23","2006-06-07","1990-01-01",
"Boshnaugle, Donald 202 Sylvan Retreat Road","2006-05-24","2006-06-08","1990-01-01",
"Hess 3868 Columbia Avenue - Commercial","2005-12-28","2006-01-11","2006-02-24","168.00"
"Jung, Gary A. - Lot Sub. - Stonehenge Dr.","2006-06-13","2006-06-08","1990-01-01",
"Southern Village Phase 2","1990-01-01","1990-01-01","1990-01-01",
"Edington Place formerly Honeysuckle Lane Subdivision","2005-10-17","2005-10-28","2006-01-18","3400.00"
"Rettew - 3020 Associates Addition","2010-11-22","2010-12-09","2011-01-20","2000.00"
"It&#039s A Grind Coffee Shop","2006-04-06","2006-04-13","2007-05-09","352.80"
"Lausch Lane Lot 2","2006-05-01","2006-05-01","1990-01-01",
"Landings at Eagle Heights (Final Ph)","2006-06-09","2006-06-26","2006-09-26","5400.00"
"Hershey Mill Manor (Hershey Mill West)","2004-06-24","2004-07-01","2006-05-01","2200.00"
"Cedar Chase","2004-04-07","2004-04-06","1990-01-01",
"Lancaster Toyota Mazda Collision Center","2006-06-12","2006-06-26","1990-01-01",
"Eagle Heights","2001-05-04","1990-01-01","1990-01-01",
"MISCELLANEOUS PROJECT PERMITS","1990-01-01","1990-01-01","1990-01-01",
"Cibo Pizza and Grille","2006-06-23","2006-06-30","1990-01-01","24.40"
"Lancaster General  Campus W&B and Rehab Hospital","2006-04-21","2006-05-15","2006-06-21","68,880.00"
"Lancaster General Campus Ambulatory Surgery Center","1990-01-01","2006-05-15","2006-06-21","11,634.00"
"Kissel Hill Commons Phase 3 - Final Phase","1990-01-01","2005-06-07","1990-01-01",
"Parkridge","2004-08-12","2004-09-23","2006-05-02","7500.00"
"Commerce Bank - Golden Triangle","2004-11-18","2005-01-10","2006-02-17","2,000.00"
"Homewood Suites","2006-07-05","2006-09-29","2006-10-30","4158"
"Walgreens - Golden Triangle","2005-07-05","2005-07-08","1990-01-01",
"65 Meadow Ln","2004-09-02","2004-09-07","2006-04-26","100"
"Jay Group - Stony Battery Corp Center","2006-07-18","2006-07-24","2006-12-01","31500."
"Treztark II LTD (Stony Battery Commerce Ctr Ph 4)","2006-07-20","2006-07-26","1990-01-01","2940"
"Jay Group (Stony Battery Corp Center Lot 11)","2006-07-18","2006-07-18","1990-01-01",
"Landale (formerly Landis Tract)","2004-01-28","2004-02-09","1990-01-01",
"Veranda Phase 2 and 3","1990-01-01","1990-01-01","1990-01-01","134000"
"Sunset Ridge 2  (formerly Crescent Ridge / Beiler)","2006-02-14","2006-02-24","2006-08-28","4900.00"
"Kissel Hill Commons - LOT #287 - Commercial","2006-08-01","1990-01-01","2006-08-01","27997.60"
"Triple H Construction","2006-08-08","2006-08-15","1990-01-01",
"Manor Oaks Phase 1,2,3 and 3A","1990-01-01","1990-01-01","1990-01-01",
"Veranda Phase 1","2002-04-23","2002-05-08","1990-01-01",
"Pappas-2 lots (Dorsea Rd & Springvalley Rd)","2006-08-15","2006-08-15","2006-08-15","200"
"NGUYEN  Lot @ 1750 Sammar Rd","2006-08-21","2006-08-29","1990-01-01",
"1896 Millersville Rd Subdivision","2006-08-21","2006-09-12","2006-09-11","1000"
"Fanelli, Gary - 12 Druid Circle lot","2006-09-29","2006-09-13","1990-01-01",
"Murry South Centerville Road Walmart","2002-12-13","2002-12-18","2006-12-07","840.00"
"Church of Jesus Christ of Latter-Day Saints","2006-09-11","2006-09-29","2009-11-03","100.00"
"Brod, Roy lot @70 Valley Rd.","2006-09-13","1990-01-01","1990-01-01",
"Severn Tract","2005-03-10","2005-03-10","1990-01-01",
"Parkfield - Phase 2","1990-01-01","2003-04-28","1990-01-01",
"Bethel Commons","2006-09-26","2007-02-13","2006-10-27","1600.00"
"3050 Yellow Goose Rd - Office","2006-09-26","2006-09-21","1990-01-01",
"Hempfield Crossing Phase 1 (formerly Wissler Tract","2006-10-04","2006-10-17","2007-02-15","2200.00"
"Blossom Hill Mennonite Church","2005-12-27","2006-01-10","1990-01-01",
"DeGeorge lot @ 1790 State St.","2006-10-12","2006-10-26","1990-01-01",
"DeGeorge lot @ 530 Garden Hill Lane","2006-10-12","2006-10-26","1990-01-01",
"Fairway Drive Subdivision","2006-10-16","2006-10-26","2007-01-08","100"
"Heisey, Michael - Apts @ 686 Bean Hill Rd.","2006-10-18","1990-01-01","1990-01-01",
"1015 Wheaton Dr. lot","2006-10-20","2006-10-31","1990-01-01",
"Tobacco Road Condos","2004-10-26","2004-11-05","2006-10-27","6600"
"Ruby Tuesday Inc.","2006-10-30","2006-11-03","1990-01-01","2310"
"Ritas Italian Ice","2006-11-01","2006-11-08","2007-01-12","420.00"
"Preserve at Silver Spring - Residential","2006-11-08","2007-03-28","2008-01-17","5000.00"
"Preserve at Silver Spring - Commercial","2006-11-06","2006-12-01","2008-01-17","787.50"
"Broomell Residence (Spring Valley Rd.)","2006-11-07","2006-11-30","1990-01-01",
"Imperial Homes - 2774 Kreider Rd.","2006-11-16","1990-01-01","1990-01-01",
"Orthopedic Assoc - North Pointe","2006-11-20","1990-01-01","2006-11-20",
"Spring Haven","2006-11-20","2006-12-05","2006-11-20","3300"
"730 Eden Road Office Bldg.","2006-11-27","2006-12-07","2007-01-29","352.38"
"Calvary Church Expansion  (MHT)","1990-01-01","2006-10-27","1990-01-01",
"Bloomfield Village","1990-01-01","1990-01-01","2006-12-15","0"
"3816 Concordia Rd. (Dave Charles)","2006-12-14","2006-12-15","1990-01-01",
"Mariani - Office Bldg - 501 Rohrerstown Rd.","2006-12-19","2007-01-12","1990-01-01",
"Summit Hills - Portion of Phases 3 & 4","2006-12-20","2007-01-12","1990-01-01",
"F& M Athletic Field Restrooms","2004-11-15","2004-11-29","1990-01-01",
"Apria Healthcare Facility","1990-01-01","1990-01-01","1990-01-01",
"Autohouse of Lancaster","2005-07-15","2005-08-04","2006-02-15","1325.94"
"Binkley Ober 1501 Graystone Road","2004-11-17","2004-11-07","1990-01-01",
"Stauffers of Kissel Hill  (Rohrerstown Rd)","2007-01-30","2007-02-13","2007-06-25","974.40"
"Bent Creek","1990-01-01","1990-01-01","1990-01-01",
"Brighton Residential","1990-01-01","1990-01-01","1990-01-01",
"Chadwyck Estates","1990-01-01","1990-01-01","1990-01-01",
"Kissel Hill Commons - LOT #287 - Residential","1990-01-01","1990-01-01","1990-01-01",
"Laurel Pond (Milton Estates)","1990-01-01","1990-01-01","1990-01-01",
"Mondamin Farm","1990-01-01","1990-01-01","1990-01-01",
"Oldefield","1990-01-01","1990-01-01","1990-01-01",
"Stonehenge","1990-01-01","1990-01-01","1990-01-01",
"Wellesley Manor","1990-01-01","1990-01-01","1990-01-01",
"Willowbend Estates","1990-01-01","1990-01-01","1990-01-01",
"Golden Triangle Apartments","2004-02-19","2004-09-24","1990-01-01",
"Manheim Township High School","2004-10-27","1990-01-01","1990-01-01",
"Sylvan Retreat Road Lots","2007-02-28","2007-03-12","1990-01-01",
"Roseville Realty Co.","2004-06-24","2004-07-01","2006-04-21","280.56"
"329 East New St. lot - Mountville","2007-03-15","2007-04-05","1990-01-01",
"331 East New St. lot - Mountville","2007-03-15","2007-04-05","1990-01-01",
"Stoltzfus, Benuel Subdivision - Farmdale Rd","2007-03-16","2007-03-28","1990-01-01",
"Airport Industrial Park - Lot 33","2007-03-26","2007-04-10","2007-06-08","203.70"
"Lincoln West Apts - Temporary Trailers","2007-04-10","2007-04-17","1990-01-01",
"Hempfield Hill Estates","1999-08-24","1999-09-29","2006-05-15","15400.00"
"Eshelman Trust Lot - 145 Weaver Rd","2007-04-18","2007-04-25","1990-01-01","2000.00"
"Hempfield Commons - Residential","2007-05-02","2007-05-15","2007-05-04","2400.00"
"Fruitville Day Care Center","2007-05-02","2007-05-17","2007-05-04","258.00"
"Sarsen Drive","1990-01-01","2004-12-03","1990-01-01",
"17 Roselawn Avenue","2007-05-07","1990-01-01","2007-05-07","2000.00"
"Hempfield Commons - Commercial","1990-01-01","1990-01-01","2007-05-04","416.00"
"Tingley Lot - 781 Prospect Rd","2007-05-07","2007-06-13","1990-01-01",
"Kissel Hill Commons - LOT #308 Community Bldg","2007-05-14","2007-06-06","2007-06-29","588.00"
"Kleine Property","2007-05-15","2007-06-13","1990-01-01",
"1632 Temple Ave (Dave Charles lot)","2007-05-16","2007-06-13","1990-01-01",
"Blank, John Lot @ 260 Lania Drive","2007-05-25","1990-01-01","1990-01-01",
"Brethren Village - Covenant Crossing","2007-05-30","2007-08-31","2007-09-10","13500.00"
"3296 Marietta Ave (Carol A Wile)","2007-06-06","2007-06-13","1990-01-01",
"Independence Residential","2007-05-15","2007-06-13","1990-01-01",
"Independence Commercial","2007-05-15","2007-06-13","1990-01-01",
"Bradford Run","1990-01-01","1990-01-01","1990-01-01",
"K & W Tire","2007-07-06","2007-08-16","2007-08-14","2226.00"
"LIFT INC","1999-11-12","1999-12-06","1990-01-01","8820.00"
"64 Elizabeth St Landisville","2007-08-01","2007-08-08","1990-01-01",
"Highland Presbyterian Church Add. & Renovations","2007-07-27","2007-08-16","1990-01-01",
"Towne Centre at Wetherburn - Commercial","2007-07-30","2005-07-01","2007-08-21","1459.08"
"Moore Business Park","2007-08-03","2007-08-16","2007-09-13","987.00"
"Sauder Tract Final Subdivision","2007-08-08","2007-09-04","2007-10-18","2000.00"
"City of Lancaster Susquehanna WTP","2007-08-17","2007-09-04","2009-11-02","2940.00"
"Marietta Ave Apartments (Gehman)","2007-09-04","2007-09-26","2008-02-29","600.00"
"Crossings at Conestoga Creek (The)","2011-09-22","2011-10-04","1990-01-01",
"Brekland Subdivision","2007-09-06","2007-09-21","1990-01-01",
"Herr, Christopher @ 182 Buch Avenue","2007-09-07","2007-09-26","2007-10-09","2000.00"
"Brighton Commercial - Lot 87","2007-09-07","2007-09-21","2007-09-07","450.66"
"Woods Edge Phase 2 Section 4","2002-12-09","2003-02-19","2008-09-01","100.00"
"Montessori Academy Additions","2007-10-03","2007-10-10","2007-10-24","1031.00"
"Newell, Elizabeth 1676 New Holland Pike","2007-10-05","2007-10-10","1990-01-01",
"CarMax Store #7233","2007-10-05","2007-10-11","2007-10-31","669.90"
"Towne Centre at Wetherburn - Residential","1990-01-01","1990-01-01","2007-10-11","3600.00"
"2257 Lititz Pk Subdivision (Harris Tract)","2007-10-16","2007-10-19","2007-11-29","300.00"
"216 Ironstone Ridge Rd. Subdivision","2007-10-16","2007-10-19","1990-01-01",
"3790 Marietta Avenue-David Kline 1 Lot Subdivision","2007-10-25","2008-01-03","2008-02-14","100.00"
"Mennonite Home Renovations","2007-11-08","1990-01-01","1990-01-01",
"Stonehenge Reserve PHASE 1","2007-11-15","2008-01-31","2008-03-17","15100.00"
"Park Plaza Hotel - Renovations","2007-11-28","2008-01-03","1990-01-01",
"John R Shaeffer Inc (DBA Exxon Carwash)","2007-12-19","2008-01-31","1990-01-01",
"Springbrook Annex Subdivision","2007-12-21","2008-01-08","2008-03-04","400.00"
"Haydn Manor Phase 1","2004-07-22","2005-10-06","1990-01-01",
"Papetti Holding Co Tract","1990-01-01","1990-01-01","2006-01-24","8000.00"
"1111 Erbs Quarry Road (Paul Brown)","2005-03-11","2005-03-21","2008-02-14","100.00"
"Hempfield Crossing Phase 2","1990-01-01","1990-01-01","2007-02-15","5900.00"
"Parkfield - Phase 3","1990-01-01","2003-04-28","1990-01-01",
"Old Delp Road Drainage Improvements","1990-01-01","1990-01-01","1990-01-01",
"Laurelfield","1990-01-01","1990-01-01","1990-01-01",
"RLPS Architects Office Bldg","2008-02-22","2008-03-04","2008-04-01","393.96"
"Nolt, Frank (lot @ 1023 Fruitville Pk)","2008-02-25","2008-03-04","1990-01-01",
"Bucher Elementary School addition","2008-03-13","2008-05-01","2008-05-23","347.34"
"1219 Stevens St - from Septic to Sewer","2008-04-01","2008-04-11","1990-01-01",
"Bent Creek Tennis Court / Pro Shop","2008-04-03","2008-04-23","1990-01-01",
"Newcomer, Earl & Ruth Subdivision","2008-04-03","2008-04-15","2008-05-08","100.00"
"Kline&#039s Services, Inc. - Office Building","2008-04-04","2008-04-22","1990-01-01",
"Brethren Village Maintenance Bldg on east side","1990-01-01","1990-01-01","1990-01-01",
"Cheswicke Towne Center - Commercial","2008-04-07","1990-01-01","1990-01-01",
"Kline&#039s Services, Inc. - Food to Fuel Building","2008-04-09","2008-05-22","1990-01-01","0.0"
"Lancaster General Focused Expansion at Women & Babies Hospital","2008-04-15","2008-04-25","1990-01-01",
"Hess 3868 Columbia Avenue - Residential","2005-12-28","2006-01-11","2006-02-24","400.00"
"Worthington (Rockview) Subdivision - Commercial","2006-04-25","2006-08-11","2006-08-28","821.10"
"Young, Steven & Jennifer","1990-01-01","1990-01-01","2006-03-31","100.00"
"Dairy Road Site Subdivision","2008-04-17","1990-01-01","1990-01-01",
"Penn Cinema Expansion","2008-04-18","2008-04-23","1990-01-01","0.0"
"Cheswicke Towne Center - Residential","2008-04-07","1990-01-01","1990-01-01",
"1573 Linden Ave Lot","2008-05-01","2008-05-27","2008-06-13","2000.00"
"Miller J.A. & W.N. Family Limited Partnership","2008-05-13","1990-01-01","1990-01-01",
"Wheatland Federal Credit Union","2008-05-21","2008-06-13","2008-06-04","99.96"
"Granite Run Town Center","2008-06-06","2008-09-10","1990-01-01","12626.04"
"Marietta Ave 2 Existing Dwellings to Connect (3212 & 3228 Marietta Ave)","2008-06-12","2008-06-30","1990-01-01",
"141 Manor Church Rd & 2 Sparrow Ln","2008-07-09","2008-07-25","2008-07-09","200.00"
"Garber Scale & Calibration","2008-07-14","2008-07-15","2008-07-14","176.40"
"Overlook Park Golf Maintenance Bldg","2008-07-30","1990-01-01","1990-01-01",
"Moove In Storage","2008-08-05","1990-01-01","1990-01-01",
"Alpha Charlie Hangar","2008-08-11","2008-08-21","2008-08-28","100.00"
"Norfolk Southern Dillerville Yard East @ F&M College","2008-08-20","2008-09-23","2008-12-23","483.00"
"The Village at Funk&#039s Farm - Residential","2008-09-12","1990-01-01","1990-01-01",
"The Village at Funk&#039s Farm - Commercial","1990-01-01","1990-01-01","1990-01-01",
"West Hempfield Fire & Rescue New Emergency Services Complex","2008-09-12","2008-09-23","2008-09-15","100.00"
"Providence Heights","2008-10-01","2008-10-02","1990-01-01",
"LCSWMA Parcel Remediation Temporary Sewer Connection","2008-10-15","1990-01-01","1990-01-01",
"Danz Property @ 311 E. Oregon Rd.","2008-10-20","2008-10-29","2009-01-15","2000.00"
"The Oaks II","2008-10-27","2008-11-26","2008-10-27",
"Long, David @ 525 Koser Rd - Septic to Sewer","2008-12-02","2008-12-23","2009-01-13","2000.00"
"Manheim Township Library","2008-12-03","2009-01-16","2009-02-04","100.00"
"Stauffer Park New Restroom Facility","2008-12-11","2008-12-23","1990-01-01",
"2363 Oregon Pike","2008-12-22","2009-01-14","1990-01-01","0.0"
"Lancaster Contact Lens Inc","2008-12-29","2009-01-14","1990-01-01",
"Giant Food Store #39 @ Lancaster Shopping Center","2009-01-15","2009-02-19","2009-02-18","798.00"
"Diller Tract 2009 aka Landon Way Commons","2009-01-30","2009-02-19","2009-01-30","1300.00"
"Prospect Ultra Wash","2009-02-02","2009-02-19","2009-02-24","454.86"
"D & B PROPERTIES","2009-02-04","2009-02-19","2009-03-04","2000.00"
"Landis Homes - South Campus","2009-02-04","2009-02-27","1990-01-01","0.00"
"Celebrate Life Christian Church","2004-03-30","2004-04-13","1990-01-01",
"Long Community at Highland Phase 1 Bldgs 2 & 3B","2009-02-17","2009-04-03","2009-08-24","11736.90"
"Crossway Church of Lancaster","2009-02-19","2009-03-20","2009-06-15","2000.00"
"Cox - Detached Garage Bathroom","2009-03-09","2009-03-27","2009-04-13","2000.00"
"Moore Business Park Existing Bldg Septic to Sewer","2009-03-12","2009-04-01","1990-01-01","0.00"
"Shakespeare Enterprises Expansion","2009-03-12","2009-03-27","1990-01-01","199.92"
"Village Commons","2009-03-30","2009-04-08","2009-04-13","147.00"
"Campus Plaza LLC","2009-05-29","2009-08-19","1990-01-01",
"Mennonite Disaster Service","2009-05-26","2009-06-30","2009-10-06","525.00"
"Country Manor Apartments","2009-06-24","2009-07-09","2009-08-10","6300.00"
"1500 Sunset Ave Lancaster Dave Costello Lot","2009-07-06","2009-07-16","2009-07-22","2000.00"
"Homestead Village Expansion","2009-07-09","2011-12-15","2009-07-09","4607.40"
"Centerville Square - Edward Jones Store","2009-07-10","2009-08-10","2009-08-12","428.40"
"Brethren Village Business Center Lot 2","2009-07-15","2009-07-17","1990-01-01",
"Stadel Volvo expansion","2009-07-29","2009-08-13","2009-12-04","5460.00"
"Golden Meadows Park","2009-07-29","2009-08-18","2009-10-30","378.00"
"Luong Residence - Hess Blvd.","2009-07-29","2009-08-13","2009-10-07","2000.00"
"26 Hess Blvd - Dave Costello lot","2009-08-11","2009-08-17","2009-08-25","2000.00"
"Eden Resort Inn & Suites - Club Suite #6","2009-08-28","2009-09-15","1990-01-01","0.00"
"Ponessa Medical Massage Center","2009-08-31","2009-09-15","1990-01-01","0.00"
"Lancaster Toyota Mazda Subdivision","2009-09-30","2009-10-15","1990-01-01","100.00"
"Central Manor Elementary School additions","2009-10-14","2009-11-19","1990-01-01","0.00"
"Fulton Bank at Granite Run - Demo & Rebuild","2009-10-30","2009-11-09","1990-01-01","0.00"
"Hogan & Herr Bldrs / 152 Buch Ave Lot Subdivide","2009-11-04","2009-12-04","2010-12-17","2000.00"
"638 Bean Hill Rd Lot - Kauffman","2009-11-20","2009-12-03","1990-01-01",
"Dunkin Donuts - East Petersburg","2009-12-04","1990-01-01","2009-12-09","1260.00"
"Grandview Subdivision Phase 1","2009-12-04","2009-12-22","2010-04-08","5700.00"
"Millers Greenhouses - Septic to Sewer","2009-12-22","2010-01-04","2010-01-15","2000.00"
"Integrity Bank - 1683 Oregon Pike Site","2010-01-07","2010-01-29","1990-01-01","0.00"
"Snyder Funeral Home - Building Expansion","2010-01-12","1990-01-01","1990-01-01",
"Diener Lot - 12 Spruce Rd Mountville","2010-01-22","1990-01-01","2010-01-22","2000.00"
"State Farm Office Bldg Expansion","2010-01-28","2010-01-29","1990-01-01","0.00"
"Secker, Andrew property","2010-02-03","2010-02-23","2010-02-26","2000.00"
"Spring Haven - New Plan 2010","2010-02-08","2010-03-01","2010-02-08","3300.00"
"Integrity Gas Station @ existing car wash","2010-02-16","1990-01-01","1990-01-01","0.00"
"Integrity Bank @ existing gas station","2010-02-11","2010-02-23","1990-01-01","0.00"
"Manheim Twp School District Landis Run Intermediate School (formerly called 5&6 grade bldg)","2010-02-23","2010-03-01","2010-06-14","1409.10"
"Burkkolder, Al - 707 Petersburg Rd - Septic to Sewer","2010-02-25","2010-03-04","2010-03-23","100.00"
"Metro Bank Airport Rd c/o Brethren Village","2010-02-26","2010-03-05","1990-01-01","0.00"
"Penn Cinema Management Co. - Addition-IMAX","2010-03-03","2010-03-11","1990-01-01","0.00"
"Brooklawn Subdivision - PHASE 1","2010-03-03","2010-03-05","2013-01-11","2700.00"
"Forrys Country Store Expansion","2010-03-05","2010-03-15","2010-03-15","254.94"
"Elmwood Partners Ltd Subdivision","2010-03-17","2011-12-02","1990-01-01","4000.00"
"1514 Sunset Ave Lancaster Lot Hogan Residential","2010-03-19","2010-03-22","2010-03-19","2000.00"
"Goss, Jeff 1717 Marietta Ave Septic to Sewer","2010-03-25","2010-03-31","1990-01-01","2000.00"
"Summit Hills Lot 153 Section 4 Revised","2010-03-29","1990-01-01","1990-01-01",
"Diffenderfer Family Trust 3558-3560 Marietta Ave Apts - septic to sewer","2010-03-29","2010-04-09","2010-05-11","4000.00"
"Faulkner BMW","2010-04-05","2010-04-09","1990-01-01",
"Yellow Freight Site - Rohrerstown Rd","2010-06-04","1990-01-01","2010-06-04","100.00"
"St. Anne&#039s Retirement Community","2010-06-10","2010-06-17","2010-06-17","4000.00"
"Kleinsasser Subdivision - 1164 Erbs Quarry Rd","2010-06-11","2010-06-14","2010-09-22","200.00"
"Kline&#039s Services, Inc. -  Office Relocation","2010-06-24","1990-01-01","1990-01-01",
"Sycamore Builders - lot @ 915 Shreiner Ave","2010-07-06","2010-07-08","1990-01-01",
"351 Richardson LP Site Improvements","1990-01-01","1990-01-01","1990-01-01","NA"
"391 Apple Lane Lot","2010-07-14","2010-07-20","1990-01-01",
"Millwood Homes lot @ 2323 Louxmont Dr","2010-07-26","2010-07-28","2010-07-30","2000.00"
"Millwood Homes lot @ 50 Ginko Ct","2010-08-27","2010-09-14","2010-09-15","2000.00"
"PPL Lancaster Washbay Addition","2010-09-10","1990-01-01","1990-01-01",
"Veranda Phase 4","2010-09-22","2010-10-04","2010-12-01","4000.00"
"Rybner, Jacob Lot @ 231 Old Delp Rd","2010-09-29","2010-10-04","2011-03-14","2000.00"
"Five Guys - Centerville Shopping Ctr","2010-10-01","2011-03-21","2011-04-08",
"Root&#039s Country Market & Auction, Inc.","2010-10-19","1990-01-01","1990-01-01",
"Letort Manor & Perth Hills Permitting","1990-01-01","1990-01-01","1990-01-01",
"Belfiglio Subdivision","2010-11-01","2010-12-01","1990-01-01","EXISTING"
"Charlotte St Single Lot","2010-11-15","2010-12-02","1990-01-01",
"Charlotte St Subdivision","2010-11-15","2010-12-02","2012-02-08","500.00"
"Manor Township CROSSGATES Permitting NOT LASA OWNED","1990-01-01","1990-01-01","1990-01-01",
"Lancaster Bible College North Campus PHASE 2A","2010-11-24","2010-12-09","1990-01-01","0.00"
"Hempfield School District Farmdale School Redo","2010-12-27","2011-02-08","2011-04-14","4275.60"
"Hempfield School District Landisville Intermediate Center - NEW","2010-12-27","2011-01-11","2011-04-20","288.96"
"Diffenderfer Family Trust Subdivision","2011-01-07","2011-01-19","1990-01-01","300.00"
"Lancaster County Morgue","2011-02-11","2011-02-22","2011-03-21","1999.20"
"Heagy Inc. Richard - Warehouse Expansion","2011-02-14","2011-03-16","1990-01-01","0.0"
"Genesys Controls","2011-02-25","2011-03-03","2011-03-03","399.00"
"2714 Brookfield Rd Lot","2011-03-31","1990-01-01","2011-03-31","2000.00"
"Lancaster Toyota New Service Center","2011-04-08","2011-04-20","1990-01-01","0.0"
"Oral and Maxillofacial Surgery Renovation","2011-04-08","1990-01-01","1990-01-01",
"Superior Homes - 1731 Temple Ave Lot","2011-04-12","2011-04-20","2011-04-21","500.00"
"Wenger&#039s Construction 156 Stony Battery Rd lot","2011-05-02","2011-05-03","2011-05-03","2000.00"
"Clutch & Go Automatic Transmissions","2011-05-12","2011-06-03","1990-01-01","99.96"
"630 Valley Road","2012-12-21","2013-01-17","1990-01-01",
"LGH - Ann B Barshinger Cancer Center","2011-06-01","2011-06-16","1990-01-01","0.0"
"5922 Pine St rear","2011-06-10","1990-01-01","1990-01-01","2000.00"
"Adorers of the Blood of Christ US Region","2011-06-10","2011-07-05","1990-01-01",
"Southern Village Phase 3A","1990-01-01","1990-01-01","2011-06-16","4400.00"
"Cedar Oregon Pike LLC","2011-06-10","2011-07-14","2011-06-16","2509.50"
"Stonehenge Reserve PHASE 2","2011-06-13","2011-08-11","2011-10-05","7200.00"
"Richter Precision Inc.","1990-01-01","2011-05-04","1990-01-01","0.00"
"Blackford Development - 4010 & 4015 Columbia Ave","2011-07-01","2011-07-20","1990-01-01","294.00"
"Members 1st Federal Credit Union","2011-07-07","2011-07-13","1990-01-01",
"Long Community at Highland Phase 2","2009-02-19","1990-01-01","1990-01-01","69174.00"
"Torchia, Michael sewer extension (Old Blue Rock Rd)","2011-08-12","2011-08-19","1990-01-01","300.00"
"5100 Main Realty Subdivision Lot 1 and 2","2011-08-15","2011-08-29","1990-01-01","0.00"
"66 Keller Avenue Expansion","2011-08-16","1990-01-01","1990-01-01","0.00"
"Landis Trucking Expansion","2011-08-17","2011-08-29","1990-01-01","0.00"
"Hempfield School District  New East Petersburg Elementary","2011-08-18","2011-11-08","1990-01-01","0.00"
"Manheim Twp School Dist - Blue Streak Pavillion Facilities","2011-09-14","2011-11-08","1990-01-01","0.00"
"Hess Tract","2011-09-15","2011-10-20","1990-01-01","12300.00"
"1989 Sterling Place Lot","2011-09-19","2011-10-04","1990-01-01",
"State Road Commerce Park","2011-09-21","1990-01-01","1990-01-01",
"Y & S Candies Inc - Expansion","2011-09-22","1990-01-01","1990-01-01",
"Long Community at Highland Phase 3","2011-09-20","2009-02-19","2011-09-20","63504.00"
"1556 Euclid Dr Lancaster Dave Costello Lot","2011-10-20","2011-10-20","1990-01-01","2380.00"
"231 Hess Blvd Lancaster Dave Costello Lot","2011-10-20","2011-10-20","1990-01-01","2380.00"
"176 Chestnut St Jay Smith Lot","2011-10-25","2011-10-25","1990-01-01","2380.00"
"Historic Stoner House","2011-10-31","1990-01-01","1990-01-01",
"CVS/ Centerville Square Expansion","2011-11-17","2011-12-08","1990-01-01","0.00"
"Westminster Presbyterian Church - Connection Relocate","1990-01-01","1990-01-01","1990-01-01",
"Norton, Jim L. II properties 2834 and 2910 Columbia Ave","2012-01-10","2012-01-26","2012-02-13","236.88"
"2791 Southwick Dr. - Jon Warner Homes lot","2012-01-24","2012-02-06","2012-02-16","100.00"
"Kauffman, Ben E & Robin M Subdivision","2012-02-10","2012-02-27","2012-05-01","500.00"
"Grace United Methodist Church","2012-02-17","2012-02-27","2013-01-18","2380.00"
"1500 Stony Battery Rd - Convert to Apartments","2012-02-23","2012-07-10","1990-01-01",
"E. R. Martin School Rebuild - Honeysuckle Force Main","1990-01-01","1990-01-01","1990-01-01",
"Paccar Inc. Expansion","2012-03-26","2012-04-03","1990-01-01",
"Enterprise Rent-A-Car Washbay Addition","2012-04-09","1990-01-01","1990-01-01","0.00"
"Sheetz Inc - 4010 Columbia Avenue","2012-05-08","1990-01-01","2012-05-08","924.37"
"Milton Estates","1990-01-01","1990-01-01","1990-01-01",
"122 Fordney Road- Jay Stoltzfus","2012-05-11","2012-05-16","1990-01-01",
"Sylvan View Phase 1","2012-06-08","2012-06-13","2012-06-08","1800.00"
"Hambright Elementary School","2012-05-21","2012-06-04","2012-10-01","20250.00"
"Autohaus Lancaster - Porsche Showroom","1990-01-01","1990-01-01","1990-01-01","0.00"
"Blessed John XXII Religious Education Center","2012-06-13","2012-07-24","2012-09-12","2022.72"
"Calvary Fellowship Homes Lot Consolidation","2012-06-22","2012-07-24","1990-01-01","0.00"
"Hunger-N-Thirst","2012-07-06","1990-01-01","1990-01-01",
"Stone House Place","2012-07-10","2012-07-19","2012-09-24","500.00"
"Fern Hill Ventures LP - 601 S. Sixteenth St.","2012-08-09","2012-08-23","1990-01-01","0.00"
"Alcoa/ Alumax Mill Products Truck Scale","1990-01-01","1990-01-01","1990-01-01",
"Rutter&#039s Farm Store #23 - US 30 & Stony Battery Rd","2012-08-24","2012-09-06","2012-09-13","336.00"
"Overlook Town Center - mixed use - Commercial","2012-08-30","2012-09-06","2012-11-16","2463.72"
"Overlook Town Center - mixed use - Residential","2012-08-30","2012-09-06","1990-01-01",
"Landis Valley Sewer Extension Permitting","1990-01-01","1990-01-01","1990-01-01",
"141 Sunrise Ave - Kenneth Homes lot","2012-10-10","2012-10-24","2012-11-05","2000.00"
"Regency Square Lot 19","2012-10-17","2012-10-24","2012-11-16","163.80"
"340 Roseville Road West","2012-11-15","2012-11-16","2012-11-15","210.00"
"Landis Farm","2013-01-07","2014-01-06","1990-01-01","0.00"
"David Charles Tract subdivision in Manor Twp","2013-01-07","2013-01-17","2013-01-30","2380.00"
"Echo Valley Ln Lot","2013-01-18","2013-03-05","1990-01-01",
"Spooky Nook Sports","2014-04-21","1990-01-01","1990-01-01","0.00"
"Lime Springs Farm","2013-02-01","2013-02-19","2013-07-31","28000.00"
"Village Commons - Redo","2013-02-07","2013-07-23","1990-01-01","0.00"
"1611 Oregon Pike - lot subdivision","2013-02-07","2013-02-20","2013-03-26","2079.00"
"Carper, Kenneth L. Sr. - 2 Regal Alley & 4 Regal Alley - NOW Ironstone Homes Lots","2013-02-27","2013-03-05","2013-10-02","4760.00"
"Grandview Subdivision Phase 2","1990-01-01","1990-01-01","1990-01-01",
"Eden Resort 3rd Floor Expansion","2013-03-07","2013-03-14","1990-01-01",
"Lancaster Airport Authority Ambulance/ Balloonport Bldg","2013-03-08","2013-04-12","1990-01-01",
"All Size Corrugated - New Bldg","2013-03-13","2013-03-27","1990-01-01",
"Stonehenge Reserve PHASE 3","2013-03-14","2013-03-26","2013-04-29","2700.00"
"Pop-It Graphics","1990-01-01","2013-04-26","1990-01-01","0.00"
"WEE CARE DAY SCHOOL (formerly East Pete Daycare Ctr)","2013-04-02","2013-06-12","2013-06-25","168.00"
"396 Buch Ave - Ironstone Homes LLC","2013-04-12","2013-04-22","1990-01-01",
"Essex Court","2013-04-15","2013-04-22","2014-04-23","2700.00"
"Hempfield School District Landisville Education Center - LEC","2013-04-16","2013-04-22","2013-06-07","4250.00"
"1149 Aquilla Dr - Ironstone Homes LLC","2013-05-01","2013-05-10","1990-01-01",
"East Petersburg Boro - Nitrate Plant","2013-05-29","2013-06-12","2013-07-29","2380.00"
"FERN LN Subdivision - Pete Alecxih","2013-06-12","2013-07-02","2013-07-24","1000.00"
"HILLCREST AVE Subdivision - Pete Alecxih","2013-06-12","2013-07-02","2013-07-24","700.00"
"Manheim Twp School Dist - Maintenance Bldg","2013-06-20","2013-07-02","1990-01-01",
"Quattro Development LLC","2013-07-22","2013-08-06","2014-05-15","299.88"
"Brunswick Farms Apartments","2013-07-24","2013-08-06","1990-01-01",
"Hahn Farming Enterprises 3 Lot Subdivision","2013-08-07","2013-08-28","2013-08-08","300.00"
"Turkey Hill Prospect Rd Renovation","2013-08-09","2013-08-28","1990-01-01",
"Brethren Village Fieldcrest Cottages 13 IDU&#039s","2013-08-19","1990-01-01","1990-01-01",
"Grandview Center - mixed use","2013-08-27","2013-09-13","1990-01-01",
"Lime Springs Farm - QBP - Quality Bicycle Products","2013-09-06","1990-01-01","1990-01-01",
"Herman, Donald & Jacquelyn subdivision 1059 Sylvan Rd","2013-10-17","2013-10-21","1990-01-01",
"Benecon","2013-10-31","2013-11-06","2013-10-31","840.00"
"Perate lot - 1246 Harrisburg Pk","2013-11-01","2013-11-07","1990-01-01",
"Landis Valley LP 2660 Oregon Pk residence septic to sewer","2013-11-04","2013-11-06","2014-01-15","2380.00"
"Park City Apartments","1990-01-01","1990-01-01","1990-01-01",
"Manheim Twp School Dist - Neffsville IU 13","2013-12-06","2014-01-27","1990-01-01",
"Hillcrest Ave Lot - C&F Inc (Fabio Pini) 1526 Hillcrest Ave","2013-12-11","2013-12-20","1990-01-01",
"Neurology & Stroke Assocs. - MRI Addition","2014-01-24","1990-01-01","1990-01-01",
"Woods Edge Ph 2 Sect 4 Subdivision Plan REVISION","2014-02-10","1990-01-01","1990-01-01",
"Lancaster Bible College - New Academic Bldg","2014-02-06","2014-03-28","1990-01-01","0.00"
"Historic Stone House Moving Project - Mark Ashley","2014-02-18","2014-02-26","1990-01-01",
"543 Champ Blvd. - Hotel  (Toews)","2014-02-19","2014-05-23","2014-06-25","3696.00"
"Landis Homes South Campus Expand 2014","2014-03-03","2014-03-28","1990-01-01","0.00"
"St. Anne&#039s Retirement Community Expand. 2014","2014-03-04","2014-05-12","1990-01-01",
"1101 Central Manor Rd (septic to sewer)","2014-03-18","2014-03-19","1990-01-01",
"Mohn lot subdivide @ 1431 Hunsecker Rd","2014-03-26","2014-04-04","2014-03-26","100.00"
"Settlements East","2014-03-27","2014-04-04","1990-01-01",
"VOID - duplicate Existing Log #13-813","1990-01-01","1990-01-01","1990-01-01",
"Fairmont Subdivision Phase 1","2014-04-15","2014-05-02","2014-06-12","8900.00"
"Stone Fence","2014-05-02","2014-05-09","2014-05-08","3000.00"
"Moove In Partners 741 LP (septic to sewer)","2014-05-08","1990-01-01","1990-01-01",
"Lancaster Country Day School Expansion","2014-06-09","1990-01-01","1990-01-01",
"J&S Property - 101 W Main St Salunga","1990-01-01","1990-01-01","1990-01-01",
"Hess Home Bldrs Lot - 708 Tusitala Drive","2014-06-23","2014-06-25","1990-01-01",
"Lancaster Bible College - New Residence Hall","2014-06-23","1990-01-01","1990-01-01",
