Name, DRF, FPA, PMA
"Sandlewood Townhomes (TEST)","1990-01-01","1990-01-01","1990-01-01"
"Commerce Bank - Manheim Pike","2005-12-06","2006-04-19","1990-01-01"
"Penn Cinema","2005-07-29","2005-10-11","2005-10-05"
"Arbors at Spring Valley","2006-01-11","2006-03-21","2006-05-12"
"Kissinger Subdivision","2006-07-21","2006-08-11","2006-06-22"
"Carrington Subdivision","2006-02-22","2006-07-07","2006-06-14"
"Diller Tract","2006-05-02","1990-01-01","2009-03-09"
"Worthington (Rockview) Subdivision - Residential","2006-09-20","2008-04-08","2006-12-18"
"Chatsworth","2007-06-18","2007-08-27","2007-11-06"
"Stone Mill Estates (Bridle Estates)","2006-02-14","2006-06-26","2006-06-19"
"Manor Oaks Lot 146","2006-05-22","2006-07-12","2006-08-02"
"Eagles View 1B","1990-01-01","1990-01-01","1990-01-01"
"Wetherburn Commons","2004-06-30","2005-07-01","2004-11-10"
"Southern Village Phase 1","2002-05-21","1990-01-01","2005-05-25"
"SIM Properites","2006-01-12","2006-04-12","1990-01-01"
"Winchelsea (Hynicka Tract)","2007-04-03","2007-06-26","2007-06-28"
"Al Hamiltion Family LP 2","2006-05-05","2006-06-08","2006-07-12"
"Timson Place","2006-07-28","2006-03-13","2005-10-03"
"D.A.D. Enterprises, Inc.","2005-09-09","2005-11-28","2005-10-14"
"Abel Drive Lot 8   (3912)","2006-05-17","2006-07-12","2006-06-16"
"Brethren Villiage- Village Garden Apartments II","2005-07-22","2005-09-19","2005-10-14"
"Fruitville Business Park Subdivision","2006-05-17","2007-03-28","2007-06-07"
"Parkfield - Phase 1","2002-09-26","2003-02-28","2003-04-15"
"Mews at Homestead","1990-01-01","1990-01-01","1990-01-01"
"Village Grande @ Millers Run","1990-01-01","1990-01-01","1990-01-01"
"Brighton Commercial","2005-04-28","1990-01-01","1990-01-01"
"Penns Crossing","2004-03-04","2004-04-21","2004-07-19"
"Farm on Quarry Road","2004-08-31","2005-05-31","2005-10-06"
"Chaddsford Estates","1990-01-01","1990-01-01","1990-01-01"
"Millstone Village (Hershey Mill East)","2004-11-24","2005-05-31","2004-11-12"
"Manor Heights","2004-12-15","2005-05-31","2005-01-20"
"Landis Estates","2004-10-15","2005-02-15","2005-01-12"
"Porter Tract (Meadow Run)","2004-06-01","2005-01-03","2004-12-08"
"Windemere Place","1990-01-01","1990-01-01","1990-01-01"
"Woods Edge","1990-01-01","1990-01-01","1990-01-01"
"Twin Oaks Hollow","2004-04-12","2004-10-05","2004-10-06"
"Windsor Court","1990-01-01","1990-01-01","1990-01-01"
"Sunset Ridge 1","1990-01-01","1990-01-01","2006-10-26"
"Rosewood",NULL,,NULL
"Manor Oaks Remaining Lands Section 3","2005-05-16","2005-09-20","1990-01-01"
"Westwood Green","2003-10-01","2004-01-10","2003-10-01"
"Union Nation Bank- Gold Cafe","1990-01-01","1990-01-01","1990-01-01"
"DH Funk Lot 1","1990-01-01","1990-01-01","1990-01-01"
"Woods Edge Villas at Sutherland","1990-01-01","1990-01-01","1990-01-01"
"Rental Service Corporation","2005-11-07","1990-01-01","1990-01-01"
"Brethren Village-Fieldcrest Cottages Phase III","2006-03-20","2006-06-06","2006-06-05"
"Stonemill Estates","2007-10-16","1990-01-01","1990-01-01"
"Eastland Land Development Subdivision","2005-11-14","2005-08-23","2005-08-08"
"Del Boca Vista","1990-01-01","1990-01-01","1990-01-01"
"Manor Blvd. Subdivision","2005-11-28","2006-12-06","2005-06-08"
"Knight, Bernice","1990-01-01","1990-01-01","2005-09-30"
"Penn Manor Comet Field","2004-05-25","2006-02-16","2005-09-30"
"Noll Drive Associates","2005-09-21","2005-12-06","2006-01-19"
"Bantam Lane","2006-03-14","2006-06-19","2006-08-03"
"Kline&#039s Services, Inc. - Residual Bldg.","2006-07-13","2006-07-25","1990-01-01"
"Page, Dave & Cindy","1990-01-01","1990-01-01","1990-01-01"
"Boshnaugle, Donald 202 Sylvan Retreat Road","1990-01-01","1990-01-01","2006-11-22"
"Hess 3868 Columbia Avenue - Commercial","2006-02-24","2006-06-26","2006-09-28"
"Jung, Gary A. - Lot Sub. - Stonehenge Dr.","2006-08-01","2006-09-15","2006-08-11"
"Southern Village Phase 2","2006-06-12","2006-06-19","2006-06-22"
"Edington Place formerly Honeysuckle Lane Subdivision","2006-03-08","2006-11-27","2006-08-03"
"Rettew - 3020 Associates Addition","2010-12-16","2011-01-20","2006-06-02"
"It&#039s A Grind Coffee Shop","2007-05-10","1990-01-01","2007-06-07"
"Lausch Lane Lot 2","2006-04-26","2006-09-19","1990-01-01"
"Landings at Eagle Heights (Final Ph)","2006-07-21","2006-12-06","2006-11-22"
"Hershey Mill Manor (Hershey Mill West)","2005-05-31","2005-05-31","2004-11-12"
"Cedar Chase","2005-03-04","1990-01-01","1990-01-01"
"Lancaster Toyota Mazda Collision Center","1990-01-01","1990-01-01","2006-12-05"
"Eagle Heights","1990-01-01","1990-01-01","2003-03-12"
"MISCELLANEOUS PROJECT PERMITS","1990-01-01","1990-01-01","1990-01-01"
"Cibo Pizza and Grille","1990-01-01","1990-01-01","1990-01-01"
"Lancaster General  Campus W&B and Rehab Hospital","2006-06-21","2006-08-10","1990-01-01"
"Lancaster General Campus Ambulatory Surgery Center","2006-06-21","2006-08-10","1990-01-01"
"Kissel Hill Commons Phase 3 - Final Phase","2005-05-24","2005-09-29","2005-09-08"
"Parkridge","2005-06-16","2005-11-07","2006-01-13"
"Commerce Bank - Golden Triangle","2005-01-27","###############################################################################################################################################################################################################################################################","1990-01-01"
"Homewood Suites","2006-10-12","2006-11-22","2006-11-22"
"Walgreens - Golden Triangle","2005-08-17","2005-11-30","1990-01-01"
"65 Meadow Ln","2004-09-21","2006-03-22","1990-01-01"
"Jay Group - Stony Battery Corp Center","2006-09-11","2006-09-15","2006-09-14"
"Treztark II LTD (Stony Battery Commerce Ctr Ph 4)","2006-09-27","2006-12-07","1990-01-01"
"Jay Group (Stony Battery Corp Center Lot 11)","1990-01-01","1990-01-01","1990-01-01"
"Landale (formerly Landis Tract)","2004-01-28","2004-04-21","2004-04-16"
"Veranda Phase 2 and 3","2004-11-04","2005-02-18","2004-12-16"
"Sunset Ridge 2  (formerly Crescent Ridge / Beiler)","2006-08-01","2006-12-19","2006-10-26"
"Kissel Hill Commons - LOT #287 - Commercial","2006-08-01","2006-08-11","1990-01-01"
"Triple H Construction","2006-08-30","2006-10-17","1990-01-01"
"Manor Oaks Phase 1,2,3 and 3A","1990-01-01","1990-01-01","1990-01-01"
"Veranda Phase 1","2003-10-13","2004-02-09","2003-10-16"
"Pappas-2 lots (Dorsea Rd & Springvalley Rd)","1990-01-01","1990-01-01","1990-01-01"
"NGUYEN  Lot @ 1750 Sammar Rd","1990-01-01","1990-01-01","1990-01-01"
"1896 Millersville Rd Subdivision","2006-09-11","2007-03-12","2007-04-02"
"Fanelli, Gary - 12 Druid Circle lot","1990-01-01","1990-01-01","1990-01-01"
"Murry South Centerville Road Walmart","2007-01-16","1990-01-01","1990-01-01"
"Church of Jesus Christ of Latter-Day Saints","2006-10-06","2009-12-09","1990-01-01"
"Brod, Roy lot @70 Valley Rd.","2006-09-13","2006-09-25","1990-01-01"
"Severn Tract","2005-04-25","2005-08-23","2005-10-14"
"Parkfield - Phase 2","2006-02-02","2006-06-12","1990-01-01"
"Bethel Commons","2006-12-08","2007-03-07","2007-02-01"
"3050 Yellow Goose Rd - Office","2006-09-26","2006-10-27","2006-12-05"
"Hempfield Crossing Phase 1 (formerly Wissler Tract","2007-02-15","2007-11-07","2007-08-11"
"Blossom Hill Mennonite Church","2006-02-06","2006-11-07","2006-03-27"
"DeGeorge lot @ 1790 State St.","1990-01-01","1990-01-01","1990-01-01"
"DeGeorge lot @ 530 Garden Hill Lane","1990-01-01","1990-01-01","1990-01-01"
"Fairway Drive Subdivision","2007-01-08","1990-01-01","1990-01-01"
"Heisey, Michael - Apts @ 686 Bean Hill Rd.","1990-01-01","1990-01-01","1990-01-01"
"1015 Wheaton Dr. lot","1990-01-01","1990-01-01","1990-01-01"
"Tobacco Road Condos","2007-08-07","2007-11-01","2007-01-05"
"Ruby Tuesday Inc.","2006-12-13","2007-02-06","1990-01-01"
"Ritas Italian Ice","2007-01-12","2007-03-27","2007-04-02"
"Preserve at Silver Spring - Residential","1990-01-01","1990-01-01","1990-01-01"
"Preserve at Silver Spring - Commercial","2007-08-03","2008-04-30","2008-11-11"
"Broomell Residence (Spring Valley Rd.)","1990-01-01","1990-01-01","1990-01-01"
"Imperial Homes - 2774 Kreider Rd.","1990-01-01","1990-01-01","1990-01-01"
"Orthopedic Assoc - North Pointe","2006-11-20","2006-12-05","1990-01-01"
"Spring Haven","2007-02-02","2007-05-16","2007-03-13"
"730 Eden Road Office Bldg.","2007-01-29","2007-07-27","2007-08-09"
"Calvary Church Expansion  (MHT)","2006-11-30","2007-01-19","1990-01-01"
"Bloomfield Village","2006-12-13","2007-01-12","1990-01-01"
"3816 Concordia Rd. (Dave Charles)","1990-01-01","1990-01-01","1990-01-01"
"Mariani - Office Bldg - 501 Rohrerstown Rd.","1990-01-01","1990-01-01","1990-01-01"
"Summit Hills - Portion of Phases 3 & 4","2006-12-20","1990-01-01","1990-01-01"
"F& M Athletic Field Restrooms","2005-09-23","2005-11-07","1990-01-01"
"Apria Healthcare Facility","2001-12-12","1990-01-01","1990-01-01"
"Autohouse of Lancaster","2006-01-11","2008-10-01","2005-10-06"
"Binkley Ober 1501 Graystone Road","1990-01-01","1990-01-01","2005-02-23"
"Stauffers of Kissel Hill  (Rohrerstown Rd)","2007-05-08","2007-10-22","2007-08-30"
"Bent Creek","1990-01-01","1990-01-01","1990-01-01"
"Brighton Residential","1990-01-01","1990-01-01","1990-01-01"
"Chadwyck Estates","1990-01-01","1990-01-01","1990-01-01"
"Kissel Hill Commons - LOT #287 - Residential","1990-01-01","1990-01-01","1990-01-01"
"Laurel Pond (Milton Estates)","1990-01-01","1990-01-01","1990-01-01"
"Mondamin Farm","1990-01-01","1990-01-01","1990-01-01"
"Oldefield","1990-01-01","1990-01-01","1990-01-01"
"Stonehenge","1990-01-01","1990-01-01","1990-01-01"
"Wellesley Manor","1990-01-01","1990-01-01","1990-01-01"
"Willowbend Estates","1990-01-01","1990-01-01","1990-01-01"
"Golden Triangle Apartments","2005-07-11","2005-09-29","2005-11-23"
"Manheim Township High School","2004-10-27","1990-01-01","1990-01-01"
"Sylvan Retreat Road Lots","2007-05-30","2007-10-27","2007-12-06"
"Roseville Realty Co.","2004-09-09","2008-11-18","2007-08-07"
"329 East New St. lot - Mountville","1990-01-01","1990-01-01","1990-01-01"
"331 East New St. lot - Mountville","1990-01-01","1990-01-01","1990-01-01"
"Stoltzfus, Benuel Subdivision - Farmdale Rd","1990-01-01","1990-01-01","1990-01-01"
"Airport Industrial Park - Lot 33","2007-06-08","2007-08-31","2007-07-23"
"Lincoln West Apts - Temporary Trailers","2007-06-26","1990-01-01","2008-05-20"
"Hempfield Hill Estates","1990-01-01","1990-01-01","1990-01-01"
"Eshelman Trust Lot - 145 Weaver Rd","1990-01-01","1990-01-01","1990-01-01"
"Hempfield Commons - Residential","2007-05-02","2007-12-18","2007-06-05"
"Fruitville Day Care Center","2007-05-02","2007-07-31","2007-06-07"
"Sarsen Drive","2005-03-15","1990-01-01","2005-08-15"
"17 Roselawn Avenue","1990-01-01","1990-01-01","1990-01-01"
"Hempfield Commons - Commercial","1990-01-01","1990-01-01","1990-01-01"
"Tingley Lot - 781 Prospect Rd","1990-01-01","1990-01-01","1990-01-01"
"Kissel Hill Commons - LOT #308 Community Bldg","2007-06-22","2007-08-27","1990-01-01"
"Kleine Property","1990-01-01","1990-01-01","1990-01-01"
"1632 Temple Ave (Dave Charles lot)","1990-01-01","1990-01-01","1990-01-01"
"Blank, John Lot @ 260 Lania Drive","1990-01-01","1990-01-01","1990-01-01"
"Brethren Village - Covenant Crossing","2007-09-21","2007-11-13","2007-10-16"
"3296 Marietta Ave (Carol A Wile)","1990-01-01","1990-01-01","2007-07-05"
"Independence Residential","1990-01-01","1990-01-01","1990-01-01"
"Independence Commercial","1990-01-01","1990-01-01","1990-01-01"
"Bradford Run","1990-01-01","1990-01-01","1990-01-01"
"K & W Tire","1990-01-01","1990-01-01","1990-01-01"
"LIFT INC","2007-07-06","2007-10-08","1990-01-01"
"64 Elizabeth St Landisville","1990-01-01","1990-01-01","1990-01-01"
"Highland Presbyterian Church Add. & Renovations","2007-07-27","1990-01-01","1990-01-01"
"Towne Centre at Wetherburn - Commercial","2007-07-30","2007-10-02","1990-01-01"
"Moore Business Park","2008-10-30","2009-05-13","2008-10-10"
"Sauder Tract Final Subdivision","2007-09-24","2007-10-31","2007-11-13"
"City of Lancaster Susquehanna WTP","2009-06-18","2010-01-29","1990-01-01"
"Marietta Ave Apartments (Gehman)","2008-07-21","2008-10-24","1990-01-01"
"Crossings at Conestoga Creek (The)","1990-01-01","1990-01-01","1990-01-01"
"Brekland Subdivision","2007-09-06","1990-01-01","1990-01-01"
"Herr, Christopher @ 182 Buch Avenue","2007-10-09","1990-01-01","1990-01-01"
"Brighton Commercial - Lot 87","2007-09-07","2007-12-26","1990-01-01"
"Woods Edge Phase 2 Section 4","2009-08-20","2010-01-05","2010-01-22"
"Montessori Academy Additions","2007-10-19","2007-11-15","2008-07-17"
"Newell, Elizabeth 1676 New Holland Pike","1990-01-01","1990-01-01","1990-01-01"
"CarMax Store #7233","2007-12-07","2008-03-04","2008-07-10"
"Towne Centre at Wetherburn - Residential","1990-01-01","1990-01-01","1990-01-01"
"2257 Lititz Pk Subdivision (Harris Tract)","2007-12-10","2008-04-09","2008-09-04"
"216 Ironstone Ridge Rd. Subdivision","1990-01-01","1990-01-01","2007-12-17"
"3790 Marietta Avenue-David Kline 1 Lot Subdivision","1990-01-01","1990-01-01","2008-04-15"
"Mennonite Home Renovations","2007-11-08","1990-01-01","1990-01-01"
"Stonehenge Reserve PHASE 1","2008-03-26","2009-01-22","2009-02-23"
"Park Plaza Hotel - Renovations","1990-01-01","1990-01-01","1990-01-01"
"John R Shaeffer Inc (DBA Exxon Carwash)","1990-01-01","1990-01-01","1990-01-01"
"Springbrook Annex Subdivision","2008-03-04","2009-01-14","2008-03-25"
"Haydn Manor Phase 1","2005-09-07","2006-02-15","2006-02-02"
"Papetti Holding Co Tract","1990-01-01","1990-01-01","1990-01-01"
"1111 Erbs Quarry Road (Paul Brown)","2005-03-11","2008-02-07","2005-07-01"
"Hempfield Crossing Phase 2","2008-10-09","2009-08-03","2007-08-10"
"Parkfield - Phase 3","2008-02-07","2008-05-13","1990-01-01"
"Old Delp Road Drainage Improvements","2008-02-20","1990-01-01","1990-01-01"
"Laurelfield","1990-01-01","1990-01-01","1990-01-01"
"RLPS Architects Office Bldg","2008-06-30","2008-08-19","2008-08-20"
"Nolt, Frank (lot @ 1023 Fruitville Pk)","1990-01-01","1990-01-01","2008-10-10"
"Bucher Elementary School addition","2008-04-23","2008-12-17","2008-08-08"
"1219 Stevens St - from Septic to Sewer","1990-01-01","1990-01-01","1990-01-01"
"Bent Creek Tennis Court / Pro Shop","2008-07-09","2008-08-08","1990-01-01"
"Newcomer, Earl & Ruth Subdivision","2008-05-20","2008-07-17","2008-06-05"
"Kline&#039s Services, Inc. - Office Building","1990-01-01","1990-01-01","1990-01-01"
"Brethren Village Maintenance Bldg on east side","2008-04-04","2008-04-07","1990-01-01"
"Cheswicke Towne Center - Commercial","1990-01-01","1990-01-01","1990-01-01"
"Kline&#039s Services, Inc. - Food to Fuel Building","2008-07-29","2008-08-21","1990-01-01"
"Lancaster General Focused Expansion at Women & Babies Hospital","2008-07-09","2008-09-09","1990-01-01"
"Hess 3868 Columbia Avenue - Residential","1990-01-01","1990-01-01","1990-01-01"
"Worthington (Rockview) Subdivision - Commercial","1990-01-01","1990-01-01","1990-01-01"
"Young, Steven & Jennifer","1990-01-01","1990-01-01","1990-01-01"
"Dairy Road Site Subdivision","1990-01-01","1990-01-01","1990-01-01"
"Penn Cinema Expansion","2008-05-01","1990-01-01","1990-01-01"
"Cheswicke Towne Center - Residential","1990-01-01","1990-01-01","1990-01-01"
"1573 Linden Ave Lot","1990-01-01","1990-01-01","1990-01-01"
"Miller J.A. & W.N. Family Limited Partnership","1990-01-01","1990-01-01","1990-01-01"
"Wheatland Federal Credit Union","2008-05-21","2008-07-28","1990-01-01"
"Granite Run Town Center","1990-01-01","1990-01-01","1990-01-01"
"Marietta Ave 2 Existing Dwellings to Connect (3212 & 3228 Marietta Ave)","1990-01-01","1990-01-01","1990-01-01"
"141 Manor Church Rd & 2 Sparrow Ln","2008-07-09","2008-08-05","2008-08-06"
"Garber Scale & Calibration","2008-11-12","2009-02-27","1990-01-01"
"Overlook Park Golf Maintenance Bldg","2008-07-30","2008-10-03","1990-01-01"
"Moove In Storage","2008-08-05","1990-01-01","1990-01-01"
"Alpha Charlie Hangar","2008-08-28","1990-01-01","2008-09-26"
"Norfolk Southern Dillerville Yard East @ F&M College","2009-03-10","2013-07-23","2009-08-31"
"The Village at Funk&#039s Farm - Residential","1990-01-01","1990-01-01","1990-01-01"
"The Village at Funk&#039s Farm - Commercial","1990-01-01","1990-01-01","1990-01-01"
"West Hempfield Fire & Rescue New Emergency Services Complex","2008-09-12","2008-12-03","2008-12-29"
"Providence Heights","1990-01-01","1990-01-01","1990-01-01"
"LCSWMA Parcel Remediation Temporary Sewer Connection","1990-01-01","1990-01-01","1990-01-01"
"Danz Property @ 311 E. Oregon Rd.","1990-01-01","1990-01-01","1990-01-01"
"The Oaks II","2008-10-27","2009-01-29","1990-01-01"
"Long, David @ 525 Koser Rd - Septic to Sewer","1990-01-01","1990-01-01","1990-01-01"
"Manheim Township Library","2009-02-09","2009-04-01","2009-02-27"
"Stauffer Park New Restroom Facility","2008-12-11","1990-01-01","1990-01-01"
"2363 Oregon Pike","2008-12-22","2009-03-27","2009-05-08"
"Lancaster Contact Lens Inc","1990-01-01","1990-01-01","1990-01-01"
"Giant Food Store #39 @ Lancaster Shopping Center","2009-01-15","2009-04-07","2009-08-24"
"Diller Tract 2009 aka Landon Way Commons","2009-01-30","2009-02-23","2009-03-09"
"Prospect Ultra Wash","2009-07-06","2009-07-06","2009-06-24"
"D & B PROPERTIES","2009-03-04","2009-11-06","2010-02-08"
"Landis Homes - South Campus","2009-02-04","2009-06-19","2009-08-06"
"Celebrate Life Christian Church","2004-05-26","2004-12-14","1990-01-01"
"Long Community at Highland Phase 1 Bldgs 2 & 3B","2010-05-18","2010-07-13","2010-01-19"
"Crossway Church of Lancaster","2009-05-06","2009-10-22","2009-08-27"
"Cox - Detached Garage Bathroom","1990-01-01","1990-01-01","1990-01-01"
"Moore Business Park Existing Bldg Septic to Sewer","1990-01-01","1990-01-01","1990-01-01"
"Shakespeare Enterprises Expansion","1990-01-01","1990-01-01","1990-01-01"
"Village Commons","2009-05-22","2009-07-16","2009-05-13"
"Campus Plaza LLC","2009-05-14","2009-10-21","1990-01-01"
"Mennonite Disaster Service","2009-07-08","2009-12-03","2010-02-08"
"Country Manor Apartments","2009-08-10","2009-10-20","2009-08-12"
"1500 Sunset Ave Lancaster Dave Costello Lot","1990-01-01","1990-01-01","1990-01-01"
"Homestead Village Expansion","2009-07-09","2011-08-30","1990-01-01"
"Centerville Square - Edward Jones Store","1990-01-01","1990-01-01","1990-01-01"
"Brethren Village Business Center Lot 2","1990-01-01","1990-01-01","1990-01-01"
"Stadel Volvo expansion","2009-09-04","2010-03-24","2009-09-08"
"Golden Meadows Park","2009-08-25","2009-12-02","2009-09-10"
"Luong Residence - Hess Blvd.","1990-01-01","1990-01-01","1990-01-01"
"26 Hess Blvd - Dave Costello lot","1990-01-01","1990-01-01","1990-01-01"
"Eden Resort Inn & Suites - Club Suite #6","2009-09-23","2009-12-14","1990-01-01"
"Ponessa Medical Massage Center","2009-10-16","2009-12-09","1990-01-01"
"Lancaster Toyota Mazda Subdivision","1990-01-01","1990-01-01","2009-11-05"
"Central Manor Elementary School additions","2009-12-23","2010-04-19","1990-01-01"
"Fulton Bank at Granite Run - Demo & Rebuild","2010-02-11","2010-04-08","1990-01-01"
"Hogan & Herr Bldrs / 152 Buch Ave Lot Subdivide","2010-12-08","2011-01-03","1990-01-01"
"638 Bean Hill Rd Lot - Kauffman","1990-01-01","1990-01-01","1990-01-01"
"Dunkin Donuts - East Petersburg","2009-12-04","2009-12-09","1990-01-01"
"Grandview Subdivision Phase 1","2010-03-31","2011-12-14","2013-01-10"
"Millers Greenhouses - Septic to Sewer","1990-01-01","1990-01-01","1990-01-01"
"Integrity Bank - 1683 Oregon Pike Site","2010-02-19","2010-04-15","1990-01-01"
"Snyder Funeral Home - Building Expansion","2010-01-12","2010-02-23","1990-01-01"
"Diener Lot - 12 Spruce Rd Mountville","1990-01-01","1990-01-01","1990-01-01"
"State Farm Office Bldg Expansion","1990-01-01","1990-01-01","2010-03-08"
"Secker, Andrew property","2010-02-26","1990-01-01","2010-02-08"
"Spring Haven - New Plan 2010","2010-02-08","2010-04-01","2010-09-10"
"Integrity Gas Station @ existing car wash","2010-02-11","2010-05-12","1990-01-01"
"Integrity Bank @ existing gas station","2010-02-11","2010-05-07","1990-01-01"
"Manheim Twp School District Landis Run Intermediate School (formerly called 5&6 grade bldg)","2010-06-03","2010-09-15","2010-12-27"
"Burkkolder, Al - 707 Petersburg Rd - Septic to Sewer","2010-03-23","2010-07-06","1990-01-01"
"Metro Bank Airport Rd c/o Brethren Village","2010-03-26","2010-06-09","1990-01-01"
"Penn Cinema Management Co. - Addition-IMAX","2010-04-22","2010-06-09","2010-05-17"
"Brooklawn Subdivision - PHASE 1","2011-02-11","2012-08-24","2012-02-22"
"Forrys Country Store Expansion","2010-03-05","2010-06-22","2010-05-13"
"Elmwood Partners Ltd Subdivision","1990-01-01","1990-01-01","2010-05-13"
"1514 Sunset Ave Lancaster Lot Hogan Residential","1990-01-01","1990-01-01","1990-01-01"
"Goss, Jeff 1717 Marietta Ave Septic to Sewer","1990-01-01","1990-01-01","1990-01-01"
"Summit Hills Lot 153 Section 4 Revised","2011-08-11","1990-01-01","1990-01-01"
"Diffenderfer Family Trust 3558-3560 Marietta Ave Apts - septic to sewer","1990-01-01","1990-01-01","1990-01-01"
"Faulkner BMW","2010-04-05","2010-07-22","1990-01-01"
"Yellow Freight Site - Rohrerstown Rd","1990-01-01","1990-01-01","1990-01-01"
"St. Anne&#039s Retirement Community","2010-06-15","2010-07-21","1990-01-01"
"Kleinsasser Subdivision - 1164 Erbs Quarry Rd","2010-09-22","2010-11-29","1990-01-01"
"Kline&#039s Services, Inc. -  Office Relocation","1990-01-01","1990-01-01","1990-01-01"
"Sycamore Builders - lot @ 915 Shreiner Ave","1990-01-01","1990-01-01","1990-01-01"
"351 Richardson LP Site Improvements","2010-07-14","2010-08-09","1990-01-01"
"391 Apple Lane Lot","1990-01-01","1990-01-01","1990-01-01"
"Millwood Homes lot @ 2323 Louxmont Dr","1990-01-01","1990-01-01","1990-01-01"
"Millwood Homes lot @ 50 Ginko Ct","1990-01-01","1990-01-01","1990-01-01"
"PPL Lancaster Washbay Addition","1990-01-01","1990-01-01","1990-01-01"
"Veranda Phase 4","2010-11-29","2011-01-25","2005-03-24"
"Rybner, Jacob Lot @ 231 Old Delp Rd","1990-01-01","1990-01-01","1990-01-01"
"Five Guys - Centerville Shopping Ctr","2011-04-08","1990-01-01","1990-01-01"
"Root&#039s Country Market & Auction, Inc.","1990-01-01","1990-01-01","1990-01-01"
"Letort Manor & Perth Hills Permitting","1990-01-01","1990-01-01","1990-01-01"
"Belfiglio Subdivision","1990-01-01","1990-01-01","1990-01-01"
"Charlotte St Single Lot","1990-01-01","1990-01-01","1990-01-01"
"Charlotte St Subdivision","2012-03-13","2012-06-01","2012-07-26"
"Manor Township CROSSGATES Permitting NOT LASA OWNED","1990-01-01","1990-01-01","1990-01-01"
"Lancaster Bible College North Campus PHASE 2A","2010-12-17","2011-01-17","1990-01-01"
"Hempfield School District Farmdale School Redo","2011-04-14","2012-02-03","1990-01-01"
"Hempfield School District Landisville Intermediate Center - NEW","2011-04-15","2011-05-13","1990-01-01"
"Diffenderfer Family Trust Subdivision","1990-01-01","1990-01-01","1990-01-01"
"Lancaster County Morgue","2011-03-21","2011-06-02","2011-04-29"
"Heagy Inc. Richard - Warehouse Expansion","2011-02-14","2011-03-16","1990-01-01"
"Genesys Controls","2011-02-25","1990-01-01","1990-01-01"
"2714 Brookfield Rd Lot","1990-01-01","1990-01-01","1990-01-01"
"Lancaster Toyota New Service Center","2011-05-02","2011-06-15","1990-01-01"
"Oral and Maxillofacial Surgery Renovation","1990-01-01","1990-01-01","1990-01-01"
"Superior Homes - 1731 Temple Ave Lot","1990-01-01","1990-01-01","1990-01-01"
"Wenger&#039s Construction 156 Stony Battery Rd lot","1990-01-01","1990-01-01","1990-01-01"
"Clutch & Go Automatic Transmissions","2011-05-12","2011-08-31","1990-01-01"
"630 Valley Road","2012-12-21","2013-01-17","1990-01-01"
"LGH - Ann B Barshinger Cancer Center","2011-07-27","2011-09-21","2011-08-11"
"5922 Pine St rear","1990-01-01","1990-01-01","1990-01-01"
"Adorers of the Blood of Christ US Region","2011-09-28","2012-01-03","2011-09-01"
"Southern Village Phase 3A","2011-06-10","2011-08-11","2011-09-06"
"Cedar Oregon Pike LLC","2011-06-10","2011-08-31","2011-08-31"
"Stonehenge Reserve PHASE 2","2011-09-28","2011-11-11","1990-01-01"
"Richter Precision Inc.","2011-06-21","2011-09-13","1990-01-01"
"Blackford Development - 4010 & 4015 Columbia Ave","1990-01-01","1990-01-01","1990-01-01"
"Members 1st Federal Credit Union","2011-07-13","2011-10-12","1990-01-01"
"Long Community at Highland Phase 2","2011-08-30","1990-01-01","1990-01-01"
"Torchia, Michael sewer extension (Old Blue Rock Rd)","2011-08-12","2012-02-07","2012-04-19"
"5100 Main Realty Subdivision Lot 1 and 2","2011-08-15","2011-11-30","2011-08-11"
"66 Keller Avenue Expansion","1990-01-01","1990-01-01","1990-01-01"
"Landis Trucking Expansion","1990-01-01","1990-01-01","1990-01-01"
"Hempfield School District  New East Petersburg Elementary","2011-12-07","2012-01-05","1990-01-01"
"Manheim Twp School Dist - Blue Streak Pavillion Facilities","2011-10-26","2012-02-03","1990-01-01"
"Hess Tract","1990-01-01","1990-01-01","1990-01-01"
"1989 Sterling Place Lot","1990-01-01","1990-01-01","1990-01-01"
"State Road Commerce Park","1990-01-01","1990-01-01","1990-01-01"
"Y & S Candies Inc - Expansion","1990-01-01","2011-10-14","2011-11-29"
"Long Community at Highland Phase 3","2011-09-30","2011-10-13","1990-01-01"
"1556 Euclid Dr Lancaster Dave Costello Lot","1990-01-01","1990-01-01","1990-01-01"
"231 Hess Blvd Lancaster Dave Costello Lot","1990-01-01","1990-01-01","1990-01-01"
"176 Chestnut St Jay Smith Lot","1990-01-01","1990-01-01","1990-01-01"
"Historic Stoner House","1990-01-01","1990-01-01","1990-01-01"
"CVS/ Centerville Square Expansion","2012-04-16","2012-08-02","2012-10-16"
"Westminster Presbyterian Church - Connection Relocate","2012-01-04","2012-02-13","1990-01-01"
"Norton, Jim L. II properties 2834 and 2910 Columbia Ave","1990-01-01","1990-01-01","1990-01-01"
"2791 Southwick Dr. - Jon Warner Homes lot","2012-02-16","2012-05-03","1990-01-01"
"Kauffman, Ben E & Robin M Subdivision","2012-02-10","2012-06-29","2012-05-11"
"Grace United Methodist Church","2014-01-29","1990-01-01","1990-01-01"
"1500 Stony Battery Rd - Convert to Apartments","2012-07-19","2012-09-26","1990-01-01"
"E. R. Martin School Rebuild - Honeysuckle Force Main","2012-03-05","1990-01-01","1990-01-01"
"Paccar Inc. Expansion","1990-01-01","1990-01-01","1990-01-01"
"Enterprise Rent-A-Car Washbay Addition","1990-01-01","2012-06-15","1990-01-01"
"Sheetz Inc - 4010 Columbia Avenue","2012-07-11","2012-08-16","2012-08-07"
"Milton Estates","1990-01-01","1990-01-01","1990-01-01"
"122 Fordney Road- Jay Stoltzfus","2012-05-11","2012-07-19","1990-01-01"
"Sylvan View Phase 1","2012-06-08","2012-10-08","2012-09-27"
"Hambright Elementary School","2012-07-24","1990-01-01","2012-10-25"
"Autohaus Lancaster - Porsche Showroom","2012-06-19","1990-01-01","1990-01-01"
"Blessed John XXII Religious Education Center","2012-07-30","2012-10-26","2013-01-11"
"Calvary Fellowship Homes Lot Consolidation","2012-06-22","2012-10-11","1990-01-01"
"Hunger-N-Thirst","2012-08-22","2012-08-23","1990-01-01"
"Stone House Place","2012-09-14","2012-11-27","2012-09-21"
"Fern Hill Ventures LP - 601 S. Sixteenth St.","2012-08-23","2012-11-29","1990-01-01"
"Alcoa/ Alumax Mill Products Truck Scale","2012-08-23","2013-02-07","1990-01-01"
"Rutter&#039s Farm Store #23 - US 30 & Stony Battery Rd","2013-01-10","2013-02-19","2012-11-09"
"Overlook Town Center - mixed use - Commercial","2012-08-30","2013-04-25","2012-12-19"
"Overlook Town Center - mixed use - Residential","1990-01-01","1990-01-01","2012-12-19"
"Landis Valley Sewer Extension Permitting","1990-01-01","1990-01-01","1990-01-01"
"141 Sunrise Ave - Kenneth Homes lot","1990-01-01","1990-01-01","1990-01-01"
"Regency Square Lot 19","2012-10-17","2012-12-17","1990-01-01"
"340 Roseville Road West","2012-11-15","2012-12-11","1990-01-01"
"Landis Farm","1990-01-01","1990-01-01","1990-01-01"
"David Charles Tract subdivision in Manor Twp","2013-01-30","2013-03-15","2012-12-03"
"Echo Valley Ln Lot","2013-01-18","2013-03-04","1990-01-01"
"Spooky Nook Sports","2013-01-24","2013-01-31","1990-01-01"
"Lime Springs Farm","2013-08-19","2014-01-20","2014-01-10"
"Village Commons - Redo","2013-03-21","2014-02-24","1990-01-01"
"1611 Oregon Pike - lot subdivision","2013-03-21","2013-04-29","1990-01-01"
"Carper, Kenneth L. Sr. - 2 Regal Alley & 4 Regal Alley - NOW Ironstone Homes Lots","2013-10-14","2013-10-18","1990-01-01"
"Grandview Subdivision Phase 2","2013-03-07","2013-06-11","1990-01-01"
"Eden Resort 3rd Floor Expansion","1990-01-01","1990-01-01","2013-11-05"
"Lancaster Airport Authority Ambulance/ Balloonport Bldg","1990-01-01","1990-01-01","1990-01-01"
"All Size Corrugated - New Bldg","2013-04-04","2013-04-11","1990-01-01"
"Stonehenge Reserve PHASE 3","2013-04-29","2013-05-30","2013-06-14"
"Pop-It Graphics","2013-03-28","2013-05-22","1990-01-01"
"WEE CARE DAY SCHOOL (formerly East Pete Daycare Ctr)","2014-03-28","1990-01-01","1990-01-01"
"396 Buch Ave - Ironstone Homes LLC","2013-05-01","2013-05-31","1990-01-01"
"Essex Court","2014-03-18","2014-06-18","2014-06-10"
"Hempfield School District Landisville Education Center - LEC","2013-06-07","2013-08-09","1990-01-01"
"1149 Aquilla Dr - Ironstone Homes LLC","1990-01-01","1990-01-01","1990-01-01"
"East Petersburg Boro - Nitrate Plant","1990-01-01","1990-01-01","1990-01-01"
"FERN LN Subdivision - Pete Alecxih","2013-07-24","2014-03-13","2013-09-25"
"HILLCREST AVE Subdivision - Pete Alecxih","2013-07-24","2013-09-18","2014-01-29"
"Manheim Twp School Dist - Maintenance Bldg","1990-01-01","1990-01-01","1990-01-01"
"Quattro Development LLC","2013-10-03","2014-02-18","2014-03-05"
"Brunswick Farms Apartments","2014-01-29","1990-01-01","2014-01-17"
"Hahn Farming Enterprises 3 Lot Subdivision","2013-08-05","2013-11-22","2013-12-19"
"Turkey Hill Prospect Rd Renovation","1990-01-01","1990-01-01","1990-01-01"
"Brethren Village Fieldcrest Cottages 13 IDU&#039s","2013-10-22","2013-12-17","1990-01-01"
"Grandview Center - mixed use","1990-01-01","1990-01-01","1990-01-01"
"Lime Springs Farm - QBP - Quality Bicycle Products","1990-01-01","2014-03-18","2013-11-22"
"Herman, Donald & Jacquelyn subdivision 1059 Sylvan Rd","1990-01-01","1990-01-01","2013-12-30"
"Benecon","2013-10-31","2014-05-02","2013-12-12"
"Perate lot - 1246 Harrisburg Pk","1990-01-01","1990-01-01","2014-02-25"
"Landis Valley LP 2660 Oregon Pk residence septic to sewer","2014-01-15","2014-04-21","1990-01-01"
"Park City Apartments","1990-01-01","1990-01-01","1990-01-01"
"Manheim Twp School Dist - Neffsville IU 13","1990-01-01","1990-01-01","1990-01-01"
"Hillcrest Ave Lot - C&F Inc (Fabio Pini) 1526 Hillcrest Ave","1990-01-01","1990-01-01","1990-01-01"
"Neurology & Stroke Assocs. - MRI Addition","2014-01-24","2014-02-06","1990-01-01"
"Woods Edge Ph 2 Sect 4 Subdivision Plan REVISION","2014-02-10","1990-01-01","2014-02-07"
"Lancaster Bible College - New Academic Bldg","2014-04-23","1990-01-01","1990-01-01"
"Historic Stone House Moving Project - Mark Ashley","1990-01-01","1990-01-01","1990-01-01"
"543 Champ Blvd. - Hotel  (Toews)","1990-01-01","1990-01-01","1990-01-01"
"Landis Homes South Campus Expand 2014","2014-03-03","1990-01-01","1990-01-01"
"St. Anne&#039s Retirement Community Expand. 2014","1990-01-01","1990-01-01","1990-01-01"
"1101 Central Manor Rd (septic to sewer)","1990-01-01","1990-01-01","1990-01-01"
"Mohn lot subdivide @ 1431 Hunsecker Rd","1990-01-01","1990-01-01","1990-01-01"
"Settlements East","1990-01-01","1990-01-01","1990-01-01"
"VOID - duplicate Existing Log #13-813","1990-01-01","1990-01-01","1990-01-01"
"Fairmont Subdivision Phase 1","2014-06-12","1990-01-01","1990-01-01"
"Stone Fence","2014-05-02","1990-01-01","2014-05-30"
"Moove In Partners 741 LP (septic to sewer)","1990-01-01","1990-01-01","1990-01-01"
"Lancaster Country Day School Expansion","1990-01-01","1990-01-01","1990-01-01"
"J&S Property - 101 W Main St Salunga","1990-01-01","1990-01-01","1990-01-01"
"Hess Home Bldrs Lot - 708 Tusitala Drive","1990-01-01","1990-01-01","1990-01-01"
"Lancaster Bible College - New Residence Hall","2014-06-23","1990-01-01","1990-01-01"
